,Concurso,1ª Dezena,2ª Dezena,3ª Dezena,4ª Dezena,5ª Dezena,6ª Dezena,Soma,Divsqmax,Divsqmin,Divmedia
0,2.0,9.0,39.0,37.0,49.0,43.0,41.0,218.0,0.6318840579710145,10.380952380952381,1.252047129469566
1,3.0,36.0,30.0,10.0,11.0,29.0,47.0,163.0,0.47246376811594204,7.761904761904762,0.9361636793740333
2,11.0,25.0,15.0,58.0,37.0,59.0,38.0,232.0,0.672463768115942,11.047619047619047,1.3324538258575198
3,17.0,10.0,20.0,6.0,19.0,51.0,13.0,119.0,0.34492753623188405,5.666666666666667,0.6834569192976072
4,24.0,1.0,8.0,14.0,28.0,33.0,43.0,127.0,0.3681159420289855,6.0476190476190474,0.7294036029478664
5,29.0,14.0,56.0,58.0,8.0,43.0,3.0,182.0,0.527536231884058,8.666666666666666,1.0452870530433993
6,33.0,5.0,33.0,49.0,17.0,42.0,39.0,185.0,0.5362318840579711,8.80952380952381,1.0625170594122464
7,41.0,38.0,26.0,35.0,39.0,12.0,47.0,197.0,0.5710144927536231,9.380952380952381,1.1314370848876354
8,49.0,33.0,7.0,43.0,35.0,13.0,55.0,186.0,0.5391304347826087,8.857142857142858,1.0682603948685288
9,54.0,5.0,21.0,9.0,56.0,18.0,36.0,145.0,0.42028985507246375,6.904761904761905,0.8327836411609499
10,58.0,30.0,49.0,27.0,37.0,12.0,44.0,199.0,0.5768115942028985,9.476190476190476,1.1429237558002001
11,63.0,26.0,9.0,41.0,49.0,25.0,40.0,190.0,0.5507246376811594,9.047619047619047,1.0912337366936584
12,73.0,57.0,25.0,45.0,28.0,51.0,26.0,232.0,0.672463768115942,11.047619047619047,1.3324538258575198
13,79.0,43.0,25.0,2.0,13.0,31.0,17.0,131.0,0.37971014492753624,6.238095238095238,0.7523769447729961
14,82.0,51.0,36.0,53.0,29.0,18.0,15.0,202.0,0.5855072463768116,9.619047619047619,1.1601537621690474
15,90.0,21.0,26.0,40.0,54.0,9.0,52.0,202.0,0.5855072463768116,9.619047619047619,1.1601537621690474
16,96.0,4.0,42.0,58.0,26.0,7.0,40.0,177.0,0.5130434782608696,8.428571428571429,1.016570375761987
17,97.0,56.0,53.0,11.0,14.0,5.0,35.0,174.0,0.5043478260869565,8.285714285714286,0.9993403693931399
18,102.0,44.0,42.0,37.0,56.0,19.0,20.0,218.0,0.6318840579710145,10.380952380952381,1.252047129469566
19,103.0,9.0,1.0,57.0,7.0,54.0,49.0,177.0,0.5130434782608696,8.428571428571429,1.016570375761987
20,112.0,37.0,43.0,34.0,20.0,12.0,42.0,188.0,0.5449275362318841,8.952380952380953,1.0797470657810937
21,124.0,52.0,5.0,34.0,57.0,15.0,41.0,204.0,0.591304347826087,9.714285714285714,1.1716404330816124
22,133.0,19.0,57.0,6.0,39.0,34.0,5.0,160.0,0.463768115942029,7.619047619047619,0.9189336730051861
23,139.0,26.0,27.0,13.0,42.0,41.0,3.0,152.0,0.4405797101449275,7.238095238095238,0.8729869893549268
24,144.0,8.0,32.0,44.0,36.0,45.0,55.0,220.0,0.6376811594202898,10.476190476190476,1.2635338003821308
25,147.0,24.0,6.0,38.0,23.0,28.0,16.0,135.0,0.391304347826087,6.428571428571429,0.7753502865981258
26,151.0,3.0,43.0,16.0,56.0,52.0,20.0,190.0,0.5507246376811594,9.047619047619047,1.0912337366936584
27,155.0,12.0,32.0,44.0,43.0,35.0,30.0,196.0,0.5681159420289855,9.333333333333334,1.125693749431353
28,157.0,17.0,13.0,4.0,44.0,41.0,21.0,140.0,0.4057971014492754,6.666666666666667,0.8040669638795378
29,159.0,16.0,9.0,50.0,58.0,11.0,35.0,179.0,0.518840579710145,8.523809523809524,1.028057046674552
30,163.0,41.0,56.0,27.0,36.0,53.0,8.0,221.0,0.6405797101449275,10.523809523809524,1.2692771358384134
31,165.0,39.0,56.0,19.0,23.0,10.0,35.0,182.0,0.527536231884058,8.666666666666666,1.0452870530433993
32,167.0,1.0,38.0,48.0,28.0,11.0,33.0,159.0,0.4608695652173913,7.571428571428571,0.9131903375489037
33,171.0,54.0,27.0,4.0,43.0,40.0,46.0,214.0,0.6202898550724638,10.19047619047619,1.2290737876444364
34,173.0,29.0,28.0,49.0,17.0,42.0,50.0,215.0,0.6231884057971014,10.238095238095237,1.2348171231007188
35,178.0,5.0,27.0,19.0,26.0,15.0,33.0,125.0,0.36231884057971014,5.9523809523809526,0.7179169320353016
36,188.0,34.0,42.0,43.0,46.0,27.0,17.0,209.0,0.6057971014492753,9.952380952380953,1.2003571103630244
37,191.0,58.0,5.0,41.0,3.0,1.0,23.0,131.0,0.37971014492753624,6.238095238095238,0.7523769447729961
38,195.0,17.0,3.0,44.0,37.0,9.0,32.0,142.0,0.4115942028985507,6.761904761904762,0.8155536347921026
39,199.0,52.0,37.0,57.0,16.0,10.0,50.0,222.0,0.6434782608695652,10.571428571428571,1.2750204712946958
40,200.0,12.0,15.0,44.0,34.0,51.0,19.0,175.0,0.5072463768115942,8.333333333333334,1.0050837048494223
41,201.0,55.0,22.0,5.0,30.0,35.0,20.0,167.0,0.48405797101449277,7.9523809523809526,0.959137021199163
42,205.0,26.0,32.0,54.0,43.0,46.0,40.0,241.0,0.6985507246376812,11.476190476190476,1.3841438449640615
43,213.0,3.0,30.0,9.0,35.0,23.0,32.0,132.0,0.3826086956521739,6.285714285714286,0.7581202802292786
44,216.0,35.0,42.0,59.0,18.0,30.0,14.0,198.0,0.5739130434782609,9.428571428571429,1.1371804203439178
45,218.0,54.0,40.0,42.0,17.0,47.0,12.0,212.0,0.6144927536231884,10.095238095238095,1.2175871167318717
46,220.0,36.0,53.0,55.0,13.0,60.0,14.0,231.0,0.6695652173913044,11.0,1.3267104904012375
47,226.0,2.0,50.0,59.0,38.0,49.0,1.0,199.0,0.5768115942028985,9.476190476190476,1.1429237558002001
48,229.0,39.0,45.0,11.0,21.0,33.0,13.0,162.0,0.46956521739130436,7.714285714285714,0.930420343917751
49,233.0,45.0,3.0,24.0,36.0,7.0,32.0,147.0,0.4260869565217391,7.0,0.8442703120735148
50,238.0,15.0,9.0,41.0,13.0,37.0,42.0,157.0,0.45507246376811594,7.476190476190476,0.9017036666363388
51,239.0,33.0,21.0,44.0,46.0,47.0,6.0,197.0,0.5710144927536231,9.380952380952381,1.1314370848876354
52,245.0,44.0,51.0,27.0,53.0,8.0,60.0,243.0,0.7043478260869566,11.571428571428571,1.3956305158766265
53,252.0,17.0,54.0,4.0,51.0,32.0,26.0,184.0,0.5333333333333333,8.761904761904763,1.056773723955964
54,257.0,28.0,5.0,1.0,34.0,4.0,19.0,91.0,0.263768115942029,4.333333333333333,0.5226435265216997
55,264.0,5.0,25.0,31.0,13.0,1.0,33.0,108.0,0.3130434782608696,5.142857142857143,0.6202802292785006
56,270.0,45.0,27.0,35.0,40.0,5.0,9.0,161.0,0.4666666666666667,7.666666666666667,0.9246770084614685
57,273.0,47.0,52.0,10.0,27.0,23.0,17.0,176.0,0.5101449275362319,8.380952380952381,1.0108270403057047
58,281.0,11.0,5.0,47.0,31.0,53.0,38.0,185.0,0.5362318840579711,8.80952380952381,1.0625170594122464
59,282.0,33.0,24.0,36.0,9.0,14.0,23.0,139.0,0.4028985507246377,6.619047619047619,0.7983236284232554
60,283.0,48.0,34.0,28.0,54.0,25.0,42.0,231.0,0.6695652173913044,11.0,1.3267104904012375
61,284.0,8.0,36.0,14.0,32.0,30.0,7.0,127.0,0.3681159420289855,6.0476190476190474,0.7294036029478664
62,287.0,60.0,47.0,3.0,33.0,25.0,13.0,181.0,0.5246376811594203,8.619047619047619,1.0395437175871167
63,294.0,28.0,45.0,41.0,22.0,57.0,25.0,218.0,0.6318840579710145,10.380952380952381,1.252047129469566
64,298.0,22.0,34.0,24.0,23.0,5.0,60.0,168.0,0.48695652173913045,8.0,0.9648803566554454
65,303.0,7.0,13.0,30.0,37.0,47.0,17.0,151.0,0.43768115942028984,7.190476190476191,0.8672436538986444
66,308.0,55.0,25.0,4.0,11.0,29.0,39.0,163.0,0.47246376811594204,7.761904761904762,0.9361636793740333
67,309.0,39.0,50.0,25.0,55.0,11.0,4.0,184.0,0.5333333333333333,8.761904761904763,1.056773723955964
68,315.0,50.0,21.0,43.0,12.0,28.0,22.0,176.0,0.5101449275362319,8.380952380952381,1.0108270403057047
69,318.0,19.0,53.0,40.0,3.0,31.0,20.0,166.0,0.4811594202898551,7.904761904761905,0.9533936857428806
70,325.0,4.0,23.0,3.0,1.0,21.0,53.0,105.0,0.30434782608695654,5.0,0.6030502229096534
71,328.0,51.0,5.0,23.0,7.0,14.0,21.0,121.0,0.3507246376811594,5.761904761904762,0.694943590210172
72,334.0,41.0,26.0,51.0,14.0,24.0,23.0,179.0,0.518840579710145,8.523809523809524,1.028057046674552
73,343.0,4.0,6.0,7.0,24.0,12.0,41.0,94.0,0.27246376811594203,4.476190476190476,0.5398735328905468
74,345.0,56.0,11.0,58.0,46.0,51.0,22.0,244.0,0.7072463768115942,11.619047619047619,1.4013738513329088
75,354.0,40.0,52.0,38.0,16.0,7.0,41.0,194.0,0.5623188405797102,9.238095238095237,1.114207078518788
76,362.0,37.0,20.0,33.0,46.0,7.0,56.0,199.0,0.5768115942028985,9.476190476190476,1.1429237558002001
77,364.0,59.0,44.0,29.0,5.0,51.0,57.0,245.0,0.7101449275362319,11.666666666666666,1.4071171867891912
78,365.0,52.0,19.0,34.0,37.0,58.0,23.0,223.0,0.6463768115942029,10.619047619047619,1.2807638067509781
79,367.0,52.0,49.0,27.0,33.0,12.0,10.0,183.0,0.5304347826086957,8.714285714285714,1.0510303884996817
80,369.0,21.0,42.0,1.0,60.0,35.0,14.0,173.0,0.5014492753623189,8.238095238095237,0.9935970339368575
81,372.0,24.0,17.0,46.0,57.0,16.0,39.0,199.0,0.5768115942028985,9.476190476190476,1.1429237558002001
82,385.0,22.0,12.0,24.0,18.0,5.0,16.0,97.0,0.2811594202898551,4.619047619047619,0.557103539259394
83,390.0,7.0,22.0,34.0,12.0,38.0,53.0,166.0,0.4811594202898551,7.904761904761905,0.9533936857428806
84,392.0,49.0,47.0,39.0,31.0,15.0,23.0,204.0,0.591304347826087,9.714285714285714,1.1716404330816124
85,395.0,11.0,58.0,31.0,14.0,10.0,20.0,144.0,0.41739130434782606,6.857142857142857,0.8270403057046675
86,398.0,28.0,7.0,16.0,37.0,36.0,22.0,146.0,0.42318840579710143,6.9523809523809526,0.8385269766172323
87,408.0,49.0,44.0,33.0,28.0,56.0,14.0,224.0,0.6492753623188405,10.666666666666666,1.2865071422072605
88,414.0,35.0,26.0,58.0,52.0,45.0,16.0,232.0,0.672463768115942,11.047619047619047,1.3324538258575198
89,418.0,45.0,8.0,32.0,49.0,15.0,52.0,201.0,0.5826086956521739,9.571428571428571,1.154410426712765
90,425.0,6.0,16.0,10.0,34.0,47.0,42.0,155.0,0.4492753623188406,7.380952380952381,0.890216995723774
91,430.0,50.0,21.0,10.0,25.0,38.0,8.0,152.0,0.4405797101449275,7.238095238095238,0.8729869893549268
92,442.0,15.0,31.0,23.0,6.0,59.0,37.0,171.0,0.4956521739130435,8.142857142857142,0.9821103630242927
93,446.0,11.0,20.0,8.0,47.0,12.0,17.0,115.0,0.3333333333333333,5.476190476190476,0.6604835774724775
94,457.0,48.0,15.0,24.0,27.0,17.0,32.0,163.0,0.47246376811594204,7.761904761904762,0.9361636793740333
95,464.0,6.0,33.0,45.0,38.0,24.0,50.0,196.0,0.5681159420289855,9.333333333333334,1.125693749431353
96,469.0,29.0,47.0,42.0,21.0,13.0,26.0,178.0,0.5159420289855072,8.476190476190476,1.0223137112182696
97,477.0,47.0,34.0,8.0,6.0,18.0,38.0,151.0,0.43768115942028984,7.190476190476191,0.8672436538986444
98,481.0,42.0,6.0,24.0,44.0,22.0,13.0,151.0,0.43768115942028984,7.190476190476191,0.8672436538986444
99,486.0,50.0,42.0,19.0,8.0,30.0,14.0,163.0,0.47246376811594204,7.761904761904762,0.9361636793740333
100,487.0,25.0,22.0,48.0,52.0,54.0,8.0,209.0,0.6057971014492753,9.952380952380953,1.2003571103630244
101,490.0,5.0,11.0,29.0,54.0,23.0,58.0,180.0,0.5217391304347826,8.571428571428571,1.0338003821308344
102,491.0,22.0,43.0,15.0,55.0,9.0,1.0,145.0,0.42028985507246375,6.904761904761905,0.8327836411609499
103,499.0,59.0,1.0,11.0,5.0,44.0,4.0,124.0,0.35942028985507246,5.904761904761905,0.7121735965790192
104,500.0,35.0,21.0,54.0,29.0,38.0,36.0,213.0,0.6173913043478261,10.142857142857142,1.223330452188154
105,502.0,50.0,7.0,33.0,21.0,24.0,13.0,148.0,0.4289855072463768,7.0476190476190474,0.8500136475297971
106,507.0,44.0,58.0,5.0,27.0,33.0,3.0,170.0,0.4927536231884058,8.095238095238095,0.9763670275680102
107,510.0,30.0,45.0,58.0,1.0,4.0,41.0,179.0,0.518840579710145,8.523809523809524,1.028057046674552
108,512.0,8.0,40.0,58.0,4.0,53.0,31.0,194.0,0.5623188405797102,9.238095238095237,1.114207078518788
109,524.0,47.0,29.0,34.0,48.0,19.0,41.0,218.0,0.6318840579710145,10.380952380952381,1.252047129469566
110,525.0,26.0,32.0,24.0,49.0,8.0,10.0,149.0,0.4318840579710145,7.095238095238095,0.8557569829860796
111,529.0,56.0,45.0,13.0,33.0,38.0,1.0,186.0,0.5391304347826087,8.857142857142858,1.0682603948685288
112,534.0,48.0,57.0,23.0,8.0,31.0,3.0,170.0,0.4927536231884058,8.095238095238095,0.9763670275680102
113,535.0,49.0,14.0,47.0,56.0,6.0,28.0,200.0,0.5797101449275363,9.523809523809524,1.1486670912564827
114,537.0,37.0,3.0,19.0,34.0,39.0,7.0,139.0,0.4028985507246377,6.619047619047619,0.7983236284232554
115,541.0,58.0,57.0,27.0,13.0,49.0,52.0,256.0,0.7420289855072464,12.19047619047619,1.4702938768082978
116,543.0,35.0,54.0,37.0,42.0,49.0,46.0,263.0,0.7623188405797101,12.523809523809524,1.5104972250022746
117,545.0,43.0,35.0,57.0,29.0,40.0,17.0,221.0,0.6405797101449275,10.523809523809524,1.2692771358384134
118,547.0,4.0,59.0,13.0,53.0,28.0,30.0,187.0,0.5420289855072464,8.904761904761905,1.0740037303248113
119,555.0,49.0,5.0,23.0,33.0,45.0,31.0,186.0,0.5391304347826087,8.857142857142858,1.0682603948685288
120,559.0,53.0,25.0,36.0,13.0,17.0,6.0,150.0,0.43478260869565216,7.142857142857143,0.861500318442362
121,569.0,32.0,15.0,14.0,9.0,3.0,57.0,130.0,0.37681159420289856,6.190476190476191,0.7466336093167137
122,575.0,18.0,29.0,21.0,48.0,35.0,5.0,156.0,0.45217391304347826,7.428571428571429,0.8959603311800565
123,578.0,48.0,3.0,58.0,18.0,56.0,23.0,206.0,0.5971014492753624,9.80952380952381,1.183127103994177
124,579.0,15.0,34.0,39.0,17.0,4.0,9.0,118.0,0.34202898550724636,5.619047619047619,0.6777135838413247
125,581.0,30.0,25.0,52.0,14.0,39.0,17.0,177.0,0.5130434782608696,8.428571428571429,1.016570375761987
126,585.0,24.0,39.0,12.0,33.0,57.0,36.0,201.0,0.5826086956521739,9.571428571428571,1.154410426712765
127,598.0,5.0,16.0,53.0,38.0,50.0,34.0,196.0,0.5681159420289855,9.333333333333334,1.125693749431353
128,603.0,4.0,8.0,11.0,29.0,12.0,44.0,108.0,0.3130434782608696,5.142857142857143,0.6202802292785006
129,606.0,41.0,6.0,23.0,55.0,32.0,35.0,192.0,0.5565217391304348,9.142857142857142,1.1027204076062234
130,617.0,25.0,5.0,49.0,36.0,33.0,3.0,151.0,0.43768115942028984,7.190476190476191,0.8672436538986444
131,624.0,39.0,23.0,34.0,52.0,8.0,43.0,199.0,0.5768115942028985,9.476190476190476,1.1429237558002001
132,628.0,8.0,16.0,22.0,56.0,58.0,30.0,190.0,0.5507246376811594,9.047619047619047,1.0912337366936584
133,629.0,40.0,47.0,39.0,16.0,51.0,15.0,208.0,0.6028985507246377,9.904761904761905,1.194613774906742
134,631.0,1.0,28.0,47.0,20.0,44.0,32.0,172.0,0.4985507246376812,8.19047619047619,0.987853698480575
135,641.0,17.0,13.0,33.0,9.0,1.0,34.0,107.0,0.3101449275362319,5.095238095238095,0.6145368938222182
136,647.0,56.0,19.0,11.0,14.0,12.0,54.0,166.0,0.4811594202898551,7.904761904761905,0.9533936857428806
137,648.0,5.0,48.0,23.0,42.0,45.0,29.0,192.0,0.5565217391304348,9.142857142857142,1.1027204076062234
138,654.0,10.0,11.0,56.0,40.0,41.0,6.0,164.0,0.4753623188405797,7.809523809523809,0.9419070148303158
139,657.0,20.0,59.0,58.0,33.0,60.0,16.0,246.0,0.7130434782608696,11.714285714285714,1.4128605222454735
140,667.0,5.0,23.0,16.0,4.0,49.0,1.0,98.0,0.28405797101449276,4.666666666666667,0.5628468747156765
141,669.0,7.0,41.0,24.0,40.0,49.0,27.0,188.0,0.5449275362318841,8.952380952380953,1.0797470657810937
142,679.0,37.0,21.0,54.0,3.0,58.0,25.0,198.0,0.5739130434782609,9.428571428571429,1.1371804203439178
143,685.0,33.0,27.0,5.0,56.0,12.0,43.0,176.0,0.5101449275362319,8.380952380952381,1.0108270403057047
144,696.0,37.0,16.0,34.0,57.0,53.0,9.0,206.0,0.5971014492753624,9.80952380952381,1.183127103994177
145,707.0,51.0,8.0,1.0,43.0,10.0,36.0,149.0,0.4318840579710145,7.095238095238095,0.8557569829860796
146,715.0,54.0,36.0,12.0,4.0,33.0,24.0,163.0,0.47246376811594204,7.761904761904762,0.9361636793740333
147,716.0,29.0,2.0,7.0,50.0,16.0,32.0,136.0,0.39420289855072466,6.476190476190476,0.7810936220544082
148,725.0,49.0,9.0,3.0,35.0,37.0,41.0,174.0,0.5043478260869565,8.285714285714286,0.9993403693931399
149,729.0,33.0,56.0,18.0,57.0,43.0,5.0,212.0,0.6144927536231884,10.095238095238095,1.2175871167318717
150,734.0,44.0,45.0,27.0,29.0,43.0,54.0,242.0,0.7014492753623188,11.523809523809524,1.389887180420344
151,740.0,29.0,47.0,12.0,50.0,16.0,28.0,182.0,0.527536231884058,8.666666666666666,1.0452870530433993
152,746.0,49.0,12.0,10.0,57.0,25.0,1.0,154.0,0.4463768115942029,7.333333333333333,0.8844736602674916
153,753.0,59.0,35.0,43.0,22.0,7.0,2.0,168.0,0.48695652173913045,8.0,0.9648803566554454
154,764.0,7.0,3.0,55.0,47.0,53.0,45.0,210.0,0.6086956521739131,10.0,1.2061004458193068
155,768.0,33.0,37.0,59.0,30.0,4.0,8.0,171.0,0.4956521739130435,8.142857142857142,0.9821103630242927
156,774.0,37.0,5.0,54.0,58.0,46.0,10.0,210.0,0.6086956521739131,10.0,1.2061004458193068
157,783.0,43.0,21.0,48.0,8.0,4.0,32.0,156.0,0.45217391304347826,7.428571428571429,0.8959603311800565
158,785.0,35.0,5.0,37.0,8.0,48.0,17.0,150.0,0.43478260869565216,7.142857142857143,0.861500318442362
159,791.0,42.0,35.0,19.0,9.0,14.0,58.0,177.0,0.5130434782608696,8.428571428571429,1.016570375761987
160,804.0,13.0,59.0,37.0,56.0,3.0,47.0,215.0,0.6231884057971014,10.238095238095237,1.2348171231007188
161,811.0,32.0,57.0,28.0,41.0,10.0,47.0,215.0,0.6231884057971014,10.238095238095237,1.2348171231007188
162,820.0,17.0,45.0,32.0,21.0,10.0,46.0,171.0,0.4956521739130435,8.142857142857142,0.9821103630242927
163,832.0,17.0,49.0,15.0,33.0,39.0,23.0,176.0,0.5101449275362319,8.380952380952381,1.0108270403057047
164,834.0,44.0,10.0,17.0,16.0,51.0,34.0,172.0,0.4985507246376812,8.19047619047619,0.987853698480575
165,837.0,16.0,5.0,24.0,34.0,6.0,60.0,145.0,0.42028985507246375,6.904761904761905,0.8327836411609499
166,847.0,42.0,14.0,44.0,27.0,15.0,48.0,190.0,0.5507246376811594,9.047619047619047,1.0912337366936584
167,848.0,56.0,34.0,17.0,32.0,47.0,27.0,213.0,0.6173913043478261,10.142857142857142,1.223330452188154
168,851.0,16.0,32.0,35.0,58.0,19.0,3.0,163.0,0.47246376811594204,7.761904761904762,0.9361636793740333
169,858.0,31.0,37.0,54.0,23.0,4.0,18.0,167.0,0.48405797101449277,7.9523809523809526,0.959137021199163
170,861.0,42.0,40.0,60.0,59.0,47.0,39.0,287.0,0.8318840579710145,13.666666666666666,1.6483372759530526
171,862.0,19.0,35.0,12.0,2.0,11.0,8.0,87.0,0.25217391304347825,4.142857142857143,0.49967018469656993
172,869.0,29.0,42.0,50.0,51.0,49.0,27.0,248.0,0.7188405797101449,11.80952380952381,1.4243471931580385
173,875.0,53.0,18.0,36.0,58.0,24.0,20.0,209.0,0.6057971014492753,9.952380952380953,1.2003571103630244
174,882.0,42.0,45.0,44.0,60.0,41.0,17.0,249.0,0.7217391304347827,11.857142857142858,1.4300905286143208
175,888.0,50.0,24.0,40.0,54.0,52.0,60.0,280.0,0.8115942028985508,13.333333333333334,1.6081339277590756
176,898.0,4.0,8.0,3.0,54.0,45.0,30.0,144.0,0.41739130434782606,6.857142857142857,0.8270403057046675
177,900.0,4.0,21.0,59.0,18.0,38.0,34.0,174.0,0.5043478260869565,8.285714285714286,0.9993403693931399
178,905.0,4.0,15.0,57.0,55.0,2.0,16.0,149.0,0.4318840579710145,7.095238095238095,0.8557569829860796
179,906.0,35.0,39.0,29.0,24.0,7.0,14.0,148.0,0.4289855072463768,7.0476190476190474,0.8500136475297971
180,911.0,49.0,46.0,1.0,29.0,6.0,28.0,159.0,0.4608695652173913,7.571428571428571,0.9131903375489037
181,913.0,30.0,14.0,59.0,36.0,46.0,38.0,223.0,0.6463768115942029,10.619047619047619,1.2807638067509781
182,915.0,20.0,28.0,49.0,26.0,17.0,48.0,188.0,0.5449275362318841,8.952380952380953,1.0797470657810937
183,925.0,52.0,37.0,46.0,8.0,22.0,36.0,201.0,0.5826086956521739,9.571428571428571,1.154410426712765
184,928.0,32.0,10.0,49.0,60.0,4.0,33.0,188.0,0.5449275362318841,8.952380952380953,1.0797470657810937
185,932.0,2.0,21.0,42.0,53.0,36.0,17.0,171.0,0.4956521739130435,8.142857142857142,0.9821103630242927
186,936.0,5.0,33.0,14.0,29.0,44.0,22.0,147.0,0.4260869565217391,7.0,0.8442703120735148
187,943.0,47.0,41.0,58.0,3.0,23.0,12.0,184.0,0.5333333333333333,8.761904761904763,1.056773723955964
188,947.0,33.0,11.0,3.0,58.0,14.0,5.0,124.0,0.35942028985507246,5.904761904761905,0.7121735965790192
189,953.0,55.0,48.0,1.0,39.0,16.0,42.0,201.0,0.5826086956521739,9.571428571428571,1.154410426712765
190,955.0,35.0,5.0,32.0,21.0,33.0,12.0,138.0,0.4,6.571428571428571,0.792580292966973
191,956.0,46.0,51.0,47.0,59.0,54.0,57.0,314.0,0.9101449275362319,14.952380952380953,1.8034073332726777
192,958.0,13.0,22.0,7.0,33.0,51.0,48.0,174.0,0.5043478260869565,8.285714285714286,0.9993403693931399
193,962.0,2.0,48.0,49.0,40.0,55.0,11.0,205.0,0.5942028985507246,9.761904761904763,1.1773837685378947
194,969.0,56.0,35.0,50.0,13.0,41.0,25.0,220.0,0.6376811594202898,10.476190476190476,1.2635338003821308
195,970.0,57.0,34.0,5.0,54.0,28.0,21.0,199.0,0.5768115942028985,9.476190476190476,1.1429237558002001
196,972.0,33.0,18.0,15.0,56.0,31.0,34.0,187.0,0.5420289855072464,8.904761904761905,1.0740037303248113
197,977.0,17.0,3.0,9.0,32.0,7.0,5.0,73.0,0.21159420289855072,3.4761904761904763,0.41926348830861615
198,983.0,38.0,45.0,40.0,16.0,32.0,22.0,193.0,0.5594202898550724,9.19047619047619,1.1084637430625057
199,990.0,29.0,18.0,2.0,15.0,10.0,39.0,113.0,0.32753623188405795,5.380952380952381,0.6489969065599127
200,996.0,21.0,23.0,20.0,7.0,29.0,15.0,115.0,0.3333333333333333,5.476190476190476,0.6604835774724775
201,1002.0,3.0,31.0,7.0,25.0,40.0,58.0,164.0,0.4753623188405797,7.809523809523809,0.9419070148303158
202,1003.0,10.0,27.0,23.0,5.0,16.0,26.0,107.0,0.3101449275362319,5.095238095238095,0.6145368938222182
203,1005.0,6.0,41.0,4.0,37.0,12.0,42.0,142.0,0.4115942028985507,6.761904761904762,0.8155536347921026
204,1006.0,48.0,17.0,4.0,33.0,55.0,2.0,159.0,0.4608695652173913,7.571428571428571,0.9131903375489037
205,1009.0,34.0,12.0,1.0,6.0,58.0,29.0,140.0,0.4057971014492754,6.666666666666667,0.8040669638795378
206,1013.0,7.0,9.0,20.0,41.0,12.0,19.0,108.0,0.3130434782608696,5.142857142857143,0.6202802292785006
207,1016.0,11.0,9.0,25.0,5.0,60.0,20.0,130.0,0.37681159420289856,6.190476190476191,0.7466336093167137
208,1021.0,42.0,55.0,51.0,43.0,2.0,33.0,226.0,0.6550724637681159,10.761904761904763,1.2979938131198254
209,1029.0,17.0,5.0,16.0,24.0,20.0,32.0,114.0,0.33043478260869563,5.428571428571429,0.6547402420161951
210,1031.0,49.0,33.0,24.0,40.0,46.0,43.0,235.0,0.6811594202898551,11.19047619047619,1.3496838322263671
211,1036.0,27.0,39.0,36.0,10.0,41.0,52.0,205.0,0.5942028985507246,9.761904761904763,1.1773837685378947
212,1041.0,12.0,10.0,36.0,54.0,44.0,57.0,213.0,0.6173913043478261,10.142857142857142,1.223330452188154
213,1046.0,57.0,40.0,28.0,42.0,54.0,55.0,276.0,0.8,13.142857142857142,1.585160585933946
214,1048.0,57.0,3.0,38.0,21.0,28.0,16.0,163.0,0.47246376811594204,7.761904761904762,0.9361636793740333
215,1049.0,34.0,17.0,52.0,5.0,2.0,29.0,139.0,0.4028985507246377,6.619047619047619,0.7983236284232554
216,1052.0,8.0,11.0,16.0,15.0,57.0,52.0,159.0,0.4608695652173913,7.571428571428571,0.9131903375489037
217,1053.0,15.0,42.0,27.0,53.0,34.0,49.0,220.0,0.6376811594202898,10.476190476190476,1.2635338003821308
218,1055.0,27.0,32.0,15.0,12.0,20.0,16.0,122.0,0.3536231884057971,5.809523809523809,0.7006869256664544
219,1056.0,38.0,8.0,50.0,53.0,59.0,6.0,214.0,0.6202898550724638,10.19047619047619,1.2290737876444364
220,1058.0,20.0,51.0,57.0,45.0,24.0,18.0,215.0,0.6231884057971014,10.238095238095237,1.2348171231007188
221,1059.0,37.0,1.0,14.0,45.0,12.0,16.0,125.0,0.36231884057971014,5.9523809523809526,0.7179169320353016
222,1060.0,1.0,41.0,3.0,18.0,16.0,42.0,121.0,0.3507246376811594,5.761904761904762,0.694943590210172
223,1069.0,28.0,17.0,49.0,53.0,45.0,9.0,201.0,0.5826086956521739,9.571428571428571,1.154410426712765
224,1070.0,41.0,53.0,8.0,23.0,5.0,16.0,146.0,0.42318840579710143,6.9523809523809526,0.8385269766172323
225,1077.0,11.0,6.0,18.0,5.0,37.0,9.0,86.0,0.2492753623188406,4.095238095238095,0.4939268492402875
226,1079.0,36.0,12.0,37.0,24.0,5.0,28.0,142.0,0.4115942028985507,6.761904761904762,0.8155536347921026
227,1086.0,45.0,4.0,6.0,23.0,10.0,2.0,90.0,0.2608695652173913,4.285714285714286,0.5169001910654172
228,1094.0,10.0,9.0,48.0,36.0,41.0,21.0,165.0,0.4782608695652174,7.857142857142857,0.9476503502865982
229,1097.0,21.0,48.0,33.0,1.0,56.0,17.0,176.0,0.5101449275362319,8.380952380952381,1.0108270403057047
230,1098.0,30.0,20.0,21.0,11.0,50.0,52.0,184.0,0.5333333333333333,8.761904761904763,1.056773723955964
231,1101.0,7.0,12.0,57.0,6.0,24.0,10.0,116.0,0.336231884057971,5.523809523809524,0.6662269129287599
232,1105.0,43.0,1.0,50.0,28.0,57.0,15.0,194.0,0.5623188405797102,9.238095238095237,1.114207078518788
233,1110.0,26.0,45.0,6.0,28.0,42.0,14.0,161.0,0.4666666666666667,7.666666666666667,0.9246770084614685
234,1111.0,4.0,43.0,25.0,9.0,33.0,32.0,146.0,0.42318840579710143,6.9523809523809526,0.8385269766172323
235,1113.0,47.0,36.0,29.0,59.0,3.0,6.0,180.0,0.5217391304347826,8.571428571428571,1.0338003821308344
236,1114.0,16.0,3.0,22.0,54.0,25.0,15.0,135.0,0.391304347826087,6.428571428571429,0.7753502865981258
237,1116.0,17.0,20.0,4.0,47.0,9.0,13.0,110.0,0.3188405797101449,5.238095238095238,0.6317669001910654
238,1121.0,18.0,4.0,59.0,54.0,56.0,17.0,208.0,0.6028985507246377,9.904761904761905,1.194613774906742
239,1125.0,7.0,42.0,56.0,29.0,33.0,3.0,170.0,0.4927536231884058,8.095238095238095,0.9763670275680102
240,1127.0,24.0,8.0,14.0,5.0,29.0,30.0,110.0,0.3188405797101449,5.238095238095238,0.6317669001910654
241,1128.0,60.0,8.0,39.0,52.0,24.0,16.0,199.0,0.5768115942028985,9.476190476190476,1.1429237558002001
242,1133.0,16.0,5.0,58.0,39.0,10.0,21.0,149.0,0.4318840579710145,7.095238095238095,0.8557569829860796
243,1135.0,5.0,4.0,19.0,39.0,6.0,23.0,96.0,0.2782608695652174,4.571428571428571,0.5513602038031117
244,1140.0,49.0,58.0,40.0,46.0,10.0,27.0,230.0,0.6666666666666666,10.952380952380953,1.320967154944955
245,1145.0,19.0,3.0,60.0,33.0,24.0,16.0,155.0,0.4492753623188406,7.380952380952381,0.890216995723774
246,1157.0,46.0,9.0,43.0,41.0,49.0,29.0,217.0,0.6289855072463768,10.333333333333334,1.2463037940132837
247,1160.0,40.0,5.0,3.0,48.0,1.0,18.0,115.0,0.3333333333333333,5.476190476190476,0.6604835774724775
248,1169.0,14.0,1.0,11.0,23.0,42.0,48.0,139.0,0.4028985507246377,6.619047619047619,0.7983236284232554
249,1170.0,46.0,11.0,27.0,34.0,49.0,13.0,180.0,0.5217391304347826,8.571428571428571,1.0338003821308344
250,1177.0,33.0,52.0,55.0,47.0,38.0,50.0,275.0,0.7971014492753623,13.095238095238095,1.5794172504776636
251,1183.0,12.0,5.0,10.0,20.0,29.0,37.0,113.0,0.32753623188405795,5.380952380952381,0.6489969065599127
252,1186.0,41.0,12.0,15.0,7.0,13.0,8.0,96.0,0.2782608695652174,4.571428571428571,0.5513602038031117
253,1190.0,11.0,53.0,56.0,37.0,10.0,19.0,186.0,0.5391304347826087,8.857142857142858,1.0682603948685288
254,1195.0,27.0,17.0,57.0,26.0,55.0,20.0,202.0,0.5855072463768116,9.619047619047619,1.1601537621690474
255,1200.0,10.0,3.0,39.0,54.0,56.0,11.0,173.0,0.5014492753623189,8.238095238095237,0.9935970339368575
256,1211.0,36.0,54.0,3.0,31.0,15.0,48.0,187.0,0.5420289855072464,8.904761904761905,1.0740037303248113
257,1220.0,48.0,55.0,52.0,43.0,5.0,15.0,218.0,0.6318840579710145,10.380952380952381,1.252047129469566
258,1224.0,41.0,19.0,57.0,53.0,21.0,27.0,218.0,0.6318840579710145,10.380952380952381,1.252047129469566
259,1225.0,32.0,55.0,34.0,31.0,50.0,40.0,242.0,0.7014492753623188,11.523809523809524,1.389887180420344
260,1227.0,35.0,31.0,4.0,30.0,54.0,28.0,182.0,0.527536231884058,8.666666666666666,1.0452870530433993
261,1231.0,20.0,27.0,49.0,5.0,23.0,39.0,163.0,0.47246376811594204,7.761904761904762,0.9361636793740333
262,1237.0,26.0,21.0,39.0,5.0,18.0,59.0,168.0,0.48695652173913045,8.0,0.9648803566554454
263,1245.0,34.0,10.0,37.0,50.0,43.0,2.0,176.0,0.5101449275362319,8.380952380952381,1.0108270403057047
264,1249.0,3.0,40.0,8.0,53.0,51.0,36.0,191.0,0.553623188405797,9.095238095238095,1.096977072149941
265,1257.0,27.0,15.0,30.0,52.0,26.0,2.0,152.0,0.4405797101449275,7.238095238095238,0.8729869893549268
266,1262.0,11.0,39.0,9.0,5.0,8.0,7.0,79.0,0.2289855072463768,3.761904761904762,0.45372350104631065
267,1269.0,51.0,5.0,27.0,4.0,15.0,17.0,119.0,0.34492753623188405,5.666666666666667,0.6834569192976072
268,1276.0,9.0,40.0,5.0,22.0,36.0,11.0,123.0,0.3565217391304348,5.857142857142857,0.7064302611227368
269,1281.0,36.0,14.0,30.0,38.0,11.0,8.0,137.0,0.39710144927536234,6.523809523809524,0.7868369575106906
270,1289.0,13.0,8.0,27.0,1.0,3.0,52.0,104.0,0.30144927536231886,4.9523809523809526,0.597306887453371
271,1295.0,20.0,2.0,43.0,15.0,5.0,57.0,142.0,0.4115942028985507,6.761904761904762,0.8155536347921026
272,1298.0,60.0,14.0,53.0,30.0,15.0,55.0,227.0,0.6579710144927536,10.80952380952381,1.3037371485761078
273,1300.0,46.0,43.0,59.0,54.0,44.0,53.0,299.0,0.8666666666666667,14.238095238095237,1.7172573014284416
274,1301.0,16.0,25.0,3.0,51.0,23.0,56.0,174.0,0.5043478260869565,8.285714285714286,0.9993403693931399
275,1307.0,10.0,47.0,54.0,7.0,43.0,32.0,193.0,0.5594202898550724,9.19047619047619,1.1084637430625057
276,1315.0,27.0,29.0,1.0,50.0,52.0,38.0,197.0,0.5710144927536231,9.380952380952381,1.1314370848876354
277,1316.0,48.0,34.0,25.0,42.0,13.0,8.0,170.0,0.4927536231884058,8.095238095238095,0.9763670275680102
278,1321.0,51.0,59.0,47.0,10.0,60.0,53.0,280.0,0.8115942028985508,13.333333333333334,1.6081339277590756
279,1328.0,43.0,27.0,59.0,53.0,23.0,10.0,215.0,0.6231884057971014,10.238095238095237,1.2348171231007188
280,1331.0,24.0,46.0,39.0,57.0,26.0,9.0,201.0,0.5826086956521739,9.571428571428571,1.154410426712765
281,1332.0,5.0,13.0,3.0,24.0,35.0,59.0,139.0,0.4028985507246377,6.619047619047619,0.7983236284232554
282,1335.0,49.0,3.0,51.0,20.0,22.0,14.0,159.0,0.4608695652173913,7.571428571428571,0.9131903375489037
283,1336.0,51.0,54.0,32.0,1.0,38.0,47.0,223.0,0.6463768115942029,10.619047619047619,1.2807638067509781
284,1338.0,19.0,33.0,18.0,43.0,60.0,1.0,174.0,0.5043478260869565,8.285714285714286,0.9993403693931399
285,1344.0,19.0,42.0,8.0,36.0,21.0,59.0,185.0,0.5362318840579711,8.80952380952381,1.0625170594122464
286,1346.0,59.0,47.0,32.0,48.0,40.0,12.0,238.0,0.6898550724637681,11.333333333333334,1.3669138385952144
287,1349.0,9.0,19.0,20.0,50.0,60.0,51.0,209.0,0.6057971014492753,9.952380952380953,1.2003571103630244
288,1350.0,4.0,36.0,29.0,55.0,45.0,3.0,172.0,0.4985507246376812,8.19047619047619,0.987853698480575
289,1353.0,47.0,11.0,3.0,27.0,32.0,13.0,133.0,0.3855072463768116,6.333333333333333,0.7638636156855609
290,1354.0,2.0,42.0,8.0,49.0,48.0,38.0,187.0,0.5420289855072464,8.904761904761905,1.0740037303248113
291,1360.0,50.0,25.0,17.0,16.0,54.0,2.0,164.0,0.4753623188405797,7.809523809523809,0.9419070148303158
292,1362.0,58.0,19.0,12.0,22.0,2.0,36.0,149.0,0.4318840579710145,7.095238095238095,0.8557569829860796
293,1366.0,59.0,44.0,54.0,37.0,27.0,12.0,233.0,0.6753623188405797,11.095238095238095,1.3381971613138022
294,1368.0,10.0,26.0,29.0,38.0,32.0,21.0,156.0,0.45217391304347826,7.428571428571429,0.8959603311800565
295,1370.0,2.0,27.0,59.0,49.0,4.0,5.0,146.0,0.42318840579710143,6.9523809523809526,0.8385269766172323
296,1373.0,52.0,39.0,7.0,27.0,55.0,57.0,237.0,0.6869565217391305,11.285714285714286,1.3611705031389318
297,1375.0,25.0,28.0,53.0,45.0,14.0,58.0,223.0,0.6463768115942029,10.619047619047619,1.2807638067509781
298,1377.0,25.0,5.0,13.0,12.0,35.0,2.0,92.0,0.26666666666666666,4.380952380952381,0.528386861977982
299,1381.0,44.0,30.0,27.0,11.0,40.0,57.0,209.0,0.6057971014492753,9.952380952380953,1.2003571103630244
300,1384.0,56.0,18.0,31.0,2.0,30.0,45.0,182.0,0.527536231884058,8.666666666666666,1.0452870530433993
301,1385.0,42.0,37.0,35.0,27.0,59.0,36.0,236.0,0.6840579710144927,11.238095238095237,1.3554271676826495
302,1389.0,1.0,44.0,39.0,16.0,57.0,28.0,185.0,0.5362318840579711,8.80952380952381,1.0625170594122464
303,1390.0,29.0,27.0,19.0,4.0,28.0,31.0,138.0,0.4,6.571428571428571,0.792580292966973
304,1393.0,44.0,28.0,18.0,24.0,4.0,39.0,157.0,0.45507246376811594,7.476190476190476,0.9017036666363388
305,1399.0,39.0,43.0,60.0,57.0,34.0,56.0,289.0,0.8376811594202899,13.761904761904763,1.6598239468656175
306,1401.0,12.0,11.0,54.0,33.0,48.0,25.0,183.0,0.5304347826086957,8.714285714285714,1.0510303884996817
307,1405.0,14.0,17.0,32.0,37.0,39.0,3.0,142.0,0.4115942028985507,6.761904761904762,0.8155536347921026
308,1411.0,32.0,44.0,12.0,8.0,48.0,46.0,190.0,0.5507246376811594,9.047619047619047,1.0912337366936584
309,1412.0,6.0,8.0,37.0,24.0,45.0,41.0,161.0,0.4666666666666667,7.666666666666667,0.9246770084614685
310,1416.0,49.0,3.0,19.0,35.0,22.0,24.0,152.0,0.4405797101449275,7.238095238095238,0.8729869893549268
311,1417.0,12.0,56.0,5.0,52.0,45.0,59.0,229.0,0.663768115942029,10.904761904761905,1.3152238194886725
312,1421.0,31.0,39.0,59.0,19.0,53.0,44.0,245.0,0.7101449275362319,11.666666666666666,1.4071171867891912
313,1422.0,17.0,44.0,2.0,5.0,13.0,39.0,120.0,0.34782608695652173,5.714285714285714,0.6892002547538896
314,1423.0,43.0,8.0,21.0,27.0,3.0,25.0,127.0,0.3681159420289855,6.0476190476190474,0.7294036029478664
315,1425.0,7.0,29.0,50.0,16.0,38.0,36.0,176.0,0.5101449275362319,8.380952380952381,1.0108270403057047
316,1428.0,15.0,55.0,37.0,34.0,19.0,7.0,167.0,0.48405797101449277,7.9523809523809526,0.959137021199163
317,1433.0,14.0,46.0,40.0,13.0,4.0,52.0,169.0,0.48985507246376814,8.047619047619047,0.9706236921117278
318,1434.0,3.0,34.0,58.0,22.0,18.0,55.0,190.0,0.5507246376811594,9.047619047619047,1.0912337366936584
319,1438.0,49.0,7.0,33.0,31.0,36.0,14.0,170.0,0.4927536231884058,8.095238095238095,0.9763670275680102
320,1440.0,6.0,28.0,56.0,2.0,36.0,51.0,179.0,0.518840579710145,8.523809523809524,1.028057046674552
321,1445.0,41.0,32.0,19.0,58.0,5.0,49.0,204.0,0.591304347826087,9.714285714285714,1.1716404330816124
322,1446.0,13.0,32.0,6.0,51.0,40.0,24.0,166.0,0.4811594202898551,7.904761904761905,0.9533936857428806
323,1455.0,33.0,14.0,52.0,36.0,32.0,41.0,208.0,0.6028985507246377,9.904761904761905,1.194613774906742
324,1459.0,2.0,6.0,35.0,30.0,52.0,34.0,159.0,0.4608695652173913,7.571428571428571,0.9131903375489037
325,1462.0,5.0,9.0,25.0,40.0,38.0,27.0,144.0,0.41739130434782606,6.857142857142857,0.8270403057046675
326,1466.0,4.0,13.0,51.0,37.0,6.0,34.0,145.0,0.42028985507246375,6.904761904761905,0.8327836411609499
327,1467.0,41.0,53.0,26.0,23.0,52.0,24.0,219.0,0.6347826086956522,10.428571428571429,1.2577904649258485
328,1468.0,2.0,20.0,37.0,19.0,1.0,10.0,89.0,0.2579710144927536,4.238095238095238,0.5111568556091348
329,1470.0,2.0,34.0,51.0,36.0,38.0,55.0,216.0,0.6260869565217392,10.285714285714286,1.2405604585570011
330,1474.0,2.0,43.0,11.0,1.0,3.0,28.0,88.0,0.25507246376811593,4.190476190476191,0.5054135201528523
331,1475.0,13.0,12.0,51.0,37.0,48.0,44.0,205.0,0.5942028985507246,9.761904761904763,1.1773837685378947
332,1480.0,9.0,14.0,26.0,36.0,52.0,21.0,158.0,0.4579710144927536,7.523809523809524,0.9074470020926213
333,1486.0,10.0,1.0,34.0,54.0,6.0,40.0,145.0,0.42028985507246375,6.904761904761905,0.8327836411609499
334,1488.0,4.0,51.0,45.0,22.0,38.0,25.0,185.0,0.5362318840579711,8.80952380952381,1.0625170594122464
335,1489.0,48.0,15.0,24.0,28.0,1.0,26.0,142.0,0.4115942028985507,6.761904761904762,0.8155536347921026
336,1492.0,48.0,44.0,46.0,4.0,18.0,9.0,169.0,0.48985507246376814,8.047619047619047,0.9706236921117278
337,1493.0,30.0,24.0,12.0,49.0,7.0,27.0,149.0,0.4318840579710145,7.095238095238095,0.8557569829860796
338,1499.0,26.0,37.0,8.0,22.0,54.0,33.0,180.0,0.5217391304347826,8.571428571428571,1.0338003821308344
339,1500.0,57.0,43.0,18.0,59.0,10.0,31.0,218.0,0.6318840579710145,10.380952380952381,1.252047129469566
340,1501.0,13.0,37.0,54.0,7.0,29.0,1.0,141.0,0.40869565217391307,6.714285714285714,0.8098102993358203
341,1508.0,58.0,39.0,18.0,17.0,35.0,30.0,197.0,0.5710144927536231,9.380952380952381,1.1314370848876354
342,1510.0,1.0,8.0,44.0,17.0,46.0,53.0,169.0,0.48985507246376814,8.047619047619047,0.9706236921117278
343,1514.0,23.0,16.0,17.0,59.0,42.0,60.0,217.0,0.6289855072463768,10.333333333333334,1.2463037940132837
344,1515.0,59.0,49.0,13.0,18.0,4.0,14.0,157.0,0.45507246376811594,7.476190476190476,0.9017036666363388
345,1516.0,34.0,60.0,18.0,45.0,4.0,20.0,181.0,0.5246376811594203,8.619047619047619,1.0395437175871167
346,1521.0,18.0,30.0,14.0,11.0,33.0,39.0,145.0,0.42028985507246375,6.904761904761905,0.8327836411609499
347,1526.0,51.0,47.0,28.0,10.0,59.0,16.0,211.0,0.6115942028985507,10.047619047619047,1.2118437812755891
348,1529.0,35.0,17.0,15.0,34.0,49.0,11.0,161.0,0.4666666666666667,7.666666666666667,0.9246770084614685
349,1530.0,53.0,10.0,28.0,16.0,48.0,33.0,188.0,0.5449275362318841,8.952380952380953,1.0797470657810937
350,1532.0,42.0,2.0,11.0,23.0,31.0,44.0,153.0,0.4434782608695652,7.285714285714286,0.8787303248112092
351,1534.0,28.0,12.0,34.0,29.0,1.0,48.0,152.0,0.4405797101449275,7.238095238095238,0.8729869893549268
352,1537.0,6.0,56.0,33.0,50.0,51.0,10.0,206.0,0.5971014492753624,9.80952380952381,1.183127103994177
353,1538.0,35.0,52.0,27.0,53.0,57.0,23.0,247.0,0.7159420289855073,11.761904761904763,1.4186038577017561
354,1545.0,6.0,48.0,11.0,45.0,4.0,24.0,138.0,0.4,6.571428571428571,0.792580292966973
355,1547.0,28.0,21.0,9.0,10.0,2.0,18.0,88.0,0.25507246376811593,4.190476190476191,0.5054135201528523
356,1549.0,32.0,53.0,16.0,20.0,12.0,10.0,143.0,0.4144927536231884,6.809523809523809,0.8212969702483851
357,1550.0,21.0,56.0,36.0,9.0,13.0,27.0,162.0,0.46956521739130436,7.714285714285714,0.930420343917751
358,1551.0,2.0,23.0,38.0,15.0,21.0,19.0,118.0,0.34202898550724636,5.619047619047619,0.6777135838413247
359,1559.0,37.0,58.0,12.0,29.0,8.0,16.0,160.0,0.463768115942029,7.619047619047619,0.9189336730051861
360,1560.0,30.0,47.0,53.0,38.0,20.0,36.0,224.0,0.6492753623188405,10.666666666666666,1.2865071422072605
361,1563.0,43.0,36.0,1.0,20.0,13.0,6.0,119.0,0.34492753623188405,5.666666666666667,0.6834569192976072
362,1564.0,54.0,44.0,38.0,25.0,46.0,53.0,260.0,0.7536231884057971,12.380952380952381,1.4932672186334275
363,1566.0,11.0,32.0,60.0,5.0,6.0,36.0,150.0,0.43478260869565216,7.142857142857143,0.861500318442362
364,1575.0,1.0,5.0,4.0,45.0,14.0,56.0,125.0,0.36231884057971014,5.9523809523809526,0.7179169320353016
365,1577.0,25.0,32.0,11.0,59.0,51.0,14.0,192.0,0.5565217391304348,9.142857142857142,1.1027204076062234
366,1580.0,1.0,6.0,14.0,17.0,33.0,36.0,107.0,0.3101449275362319,5.095238095238095,0.6145368938222182
367,1582.0,4.0,17.0,1.0,48.0,13.0,38.0,121.0,0.3507246376811594,5.761904761904762,0.694943590210172
368,1588.0,36.0,29.0,23.0,49.0,32.0,45.0,214.0,0.6202898550724638,10.19047619047619,1.2290737876444364
369,1591.0,4.0,23.0,55.0,10.0,38.0,33.0,163.0,0.47246376811594204,7.761904761904762,0.9361636793740333
370,1593.0,4.0,17.0,38.0,9.0,18.0,21.0,107.0,0.3101449275362319,5.095238095238095,0.6145368938222182
371,1595.0,59.0,5.0,42.0,8.0,46.0,2.0,162.0,0.46956521739130436,7.714285714285714,0.930420343917751
372,1596.0,5.0,12.0,1.0,7.0,45.0,10.0,80.0,0.2318840579710145,3.8095238095238093,0.45946683650259307
373,1599.0,35.0,10.0,15.0,58.0,36.0,3.0,157.0,0.45507246376811594,7.476190476190476,0.9017036666363388
374,1600.0,9.0,46.0,23.0,32.0,35.0,57.0,202.0,0.5855072463768116,9.619047619047619,1.1601537621690474
375,1602.0,8.0,44.0,40.0,35.0,22.0,12.0,161.0,0.4666666666666667,7.666666666666667,0.9246770084614685
376,1606.0,54.0,1.0,15.0,37.0,46.0,42.0,195.0,0.5652173913043478,9.285714285714286,1.1199504139750707
377,1612.0,17.0,51.0,36.0,6.0,42.0,13.0,165.0,0.4782608695652174,7.857142857142857,0.9476503502865982
378,1614.0,49.0,27.0,43.0,17.0,14.0,21.0,171.0,0.4956521739130435,8.142857142857142,0.9821103630242927
379,1617.0,23.0,31.0,47.0,54.0,3.0,26.0,184.0,0.5333333333333333,8.761904761904763,1.056773723955964
380,1618.0,9.0,51.0,20.0,24.0,52.0,43.0,199.0,0.5768115942028985,9.476190476190476,1.1429237558002001
381,1621.0,24.0,22.0,38.0,49.0,10.0,39.0,182.0,0.527536231884058,8.666666666666666,1.0452870530433993
382,1627.0,26.0,57.0,20.0,32.0,45.0,41.0,221.0,0.6405797101449275,10.523809523809524,1.2692771358384134
383,1632.0,18.0,56.0,27.0,6.0,24.0,59.0,190.0,0.5507246376811594,9.047619047619047,1.0912337366936584
384,1634.0,44.0,9.0,33.0,10.0,23.0,51.0,170.0,0.4927536231884058,8.095238095238095,0.9763670275680102
385,1639.0,35.0,51.0,34.0,49.0,16.0,29.0,214.0,0.6202898550724638,10.19047619047619,1.2290737876444364
386,1640.0,6.0,18.0,46.0,23.0,31.0,2.0,126.0,0.3652173913043478,6.0,0.7236602674915841
387,1647.0,38.0,54.0,23.0,12.0,17.0,53.0,197.0,0.5710144927536231,9.380952380952381,1.1314370848876354
388,1655.0,56.0,46.0,7.0,24.0,28.0,53.0,214.0,0.6202898550724638,10.19047619047619,1.2290737876444364
389,1657.0,10.0,54.0,37.0,45.0,14.0,7.0,167.0,0.48405797101449277,7.9523809523809526,0.959137021199163
390,1658.0,7.0,40.0,19.0,49.0,11.0,23.0,149.0,0.4318840579710145,7.095238095238095,0.8557569829860796
391,1660.0,17.0,38.0,42.0,51.0,34.0,8.0,190.0,0.5507246376811594,9.047619047619047,1.0912337366936584
392,1662.0,57.0,10.0,25.0,14.0,33.0,29.0,168.0,0.48695652173913045,8.0,0.9648803566554454
393,1664.0,48.0,8.0,21.0,36.0,23.0,29.0,165.0,0.4782608695652174,7.857142857142857,0.9476503502865982
394,1665.0,20.0,11.0,16.0,1.0,56.0,5.0,109.0,0.3159420289855073,5.190476190476191,0.626023564734783
395,1667.0,51.0,24.0,56.0,7.0,12.0,44.0,194.0,0.5623188405797102,9.238095238095237,1.114207078518788
396,1672.0,20.0,10.0,1.0,5.0,42.0,3.0,81.0,0.23478260869565218,3.857142857142857,0.4652101719588755
397,1675.0,36.0,3.0,35.0,56.0,18.0,34.0,182.0,0.527536231884058,8.666666666666666,1.0452870530433993
398,1677.0,52.0,33.0,15.0,28.0,51.0,10.0,189.0,0.5478260869565217,9.0,1.085490401237376
399,1679.0,28.0,2.0,1.0,46.0,27.0,47.0,151.0,0.43768115942028984,7.190476190476191,0.8672436538986444
400,1680.0,37.0,46.0,47.0,51.0,23.0,38.0,242.0,0.7014492753623188,11.523809523809524,1.389887180420344
401,1681.0,1.0,33.0,8.0,11.0,6.0,50.0,109.0,0.3159420289855073,5.190476190476191,0.626023564734783
402,1683.0,48.0,4.0,12.0,34.0,32.0,33.0,163.0,0.47246376811594204,7.761904761904762,0.9361636793740333
403,1686.0,44.0,37.0,9.0,55.0,14.0,46.0,205.0,0.5942028985507246,9.761904761904763,1.1773837685378947
404,1687.0,15.0,58.0,24.0,37.0,46.0,49.0,229.0,0.663768115942029,10.904761904761905,1.3152238194886725
405,1689.0,41.0,2.0,53.0,5.0,13.0,27.0,141.0,0.40869565217391307,6.714285714285714,0.8098102993358203
406,1694.0,34.0,29.0,20.0,37.0,57.0,45.0,222.0,0.6434782608695652,10.571428571428571,1.2750204712946958
407,1696.0,12.0,1.0,31.0,37.0,17.0,46.0,144.0,0.41739130434782606,6.857142857142857,0.8270403057046675
408,1700.0,58.0,41.0,48.0,50.0,15.0,18.0,230.0,0.6666666666666666,10.952380952380953,1.320967154944955
409,1701.0,9.0,3.0,18.0,40.0,32.0,56.0,158.0,0.4579710144927536,7.523809523809524,0.9074470020926213
410,1702.0,39.0,52.0,17.0,35.0,19.0,33.0,195.0,0.5652173913043478,9.285714285714286,1.1199504139750707
411,1706.0,12.0,31.0,34.0,48.0,36.0,56.0,217.0,0.6289855072463768,10.333333333333334,1.2463037940132837
412,1713.0,3.0,29.0,10.0,16.0,23.0,27.0,108.0,0.3130434782608696,5.142857142857143,0.6202802292785006
413,1716.0,25.0,36.0,2.0,53.0,42.0,41.0,199.0,0.5768115942028985,9.476190476190476,1.1429237558002001
414,1721.0,12.0,33.0,4.0,38.0,36.0,19.0,142.0,0.4115942028985507,6.761904761904762,0.8155536347921026
415,1727.0,4.0,6.0,41.0,40.0,19.0,20.0,130.0,0.37681159420289856,6.190476190476191,0.7466336093167137
416,1730.0,1.0,24.0,10.0,17.0,42.0,51.0,145.0,0.42028985507246375,6.904761904761905,0.8327836411609499
417,1732.0,25.0,60.0,34.0,53.0,45.0,38.0,255.0,0.7391304347826086,12.142857142857142,1.4645505413520155
418,1733.0,5.0,9.0,41.0,14.0,3.0,46.0,118.0,0.34202898550724636,5.619047619047619,0.6777135838413247
419,1738.0,53.0,46.0,28.0,48.0,37.0,12.0,224.0,0.6492753623188405,10.666666666666666,1.2865071422072605
420,1741.0,49.0,18.0,20.0,32.0,15.0,48.0,182.0,0.527536231884058,8.666666666666666,1.0452870530433993
421,1747.0,53.0,34.0,59.0,33.0,48.0,6.0,233.0,0.6753623188405797,11.095238095238095,1.3381971613138022
422,1753.0,54.0,8.0,45.0,29.0,35.0,15.0,186.0,0.5391304347826087,8.857142857142858,1.0682603948685288
423,1764.0,6.0,7.0,41.0,39.0,29.0,55.0,177.0,0.5130434782608696,8.428571428571429,1.016570375761987
424,1772.0,27.0,39.0,19.0,41.0,12.0,45.0,183.0,0.5304347826086957,8.714285714285714,1.0510303884996817
425,1775.0,31.0,2.0,51.0,42.0,18.0,56.0,200.0,0.5797101449275363,9.523809523809524,1.1486670912564827
426,1781.0,22.0,8.0,52.0,1.0,53.0,49.0,185.0,0.5362318840579711,8.80952380952381,1.0625170594122464
427,1787.0,1.0,29.0,13.0,25.0,5.0,26.0,99.0,0.28695652173913044,4.714285714285714,0.5685902101719589
428,1793.0,56.0,13.0,22.0,54.0,14.0,58.0,217.0,0.6289855072463768,10.333333333333334,1.2463037940132837
429,1794.0,1.0,5.0,37.0,60.0,34.0,40.0,177.0,0.5130434782608696,8.428571428571429,1.016570375761987
430,1796.0,54.0,22.0,48.0,34.0,23.0,53.0,234.0,0.6782608695652174,11.142857142857142,1.3439404967700848
431,1800.0,31.0,56.0,16.0,6.0,11.0,19.0,139.0,0.4028985507246377,6.619047619047619,0.7983236284232554
432,1810.0,56.0,10.0,43.0,50.0,1.0,25.0,185.0,0.5362318840579711,8.80952380952381,1.0625170594122464
433,1815.0,60.0,8.0,25.0,39.0,41.0,11.0,184.0,0.5333333333333333,8.761904761904763,1.056773723955964
434,1821.0,53.0,31.0,19.0,52.0,36.0,22.0,213.0,0.6173913043478261,10.142857142857142,1.223330452188154
435,1825.0,21.0,54.0,10.0,50.0,51.0,11.0,197.0,0.5710144927536231,9.380952380952381,1.1314370848876354
436,1830.0,29.0,3.0,54.0,7.0,37.0,60.0,190.0,0.5507246376811594,9.047619047619047,1.0912337366936584
437,1831.0,55.0,15.0,48.0,32.0,28.0,27.0,205.0,0.5942028985507246,9.761904761904763,1.1773837685378947
438,1834.0,2.0,22.0,51.0,24.0,48.0,17.0,164.0,0.4753623188405797,7.809523809523809,0.9419070148303158
439,1838.0,59.0,24.0,30.0,8.0,57.0,5.0,183.0,0.5304347826086957,8.714285714285714,1.0510303884996817
440,1842.0,18.0,43.0,22.0,24.0,16.0,34.0,157.0,0.45507246376811594,7.476190476190476,0.9017036666363388
441,1843.0,28.0,26.0,33.0,41.0,8.0,54.0,190.0,0.5507246376811594,9.047619047619047,1.0912337366936584
442,1850.0,24.0,32.0,23.0,40.0,41.0,38.0,198.0,0.5739130434782609,9.428571428571429,1.1371804203439178
443,1853.0,2.0,41.0,39.0,1.0,34.0,45.0,162.0,0.46956521739130436,7.714285714285714,0.930420343917751
444,1860.0,10.0,40.0,30.0,44.0,36.0,60.0,220.0,0.6376811594202898,10.476190476190476,1.2635338003821308
445,1862.0,8.0,49.0,35.0,42.0,56.0,2.0,192.0,0.5565217391304348,9.142857142857142,1.1027204076062234
446,1871.0,17.0,58.0,33.0,52.0,11.0,3.0,174.0,0.5043478260869565,8.285714285714286,0.9993403693931399
447,1875.0,53.0,45.0,47.0,1.0,52.0,55.0,253.0,0.7333333333333333,12.047619047619047,1.4530638704394505
448,1879.0,20.0,58.0,10.0,59.0,57.0,5.0,209.0,0.6057971014492753,9.952380952380953,1.2003571103630244
449,1881.0,30.0,10.0,53.0,44.0,3.0,56.0,196.0,0.5681159420289855,9.333333333333334,1.125693749431353
450,1888.0,48.0,1.0,18.0,45.0,17.0,10.0,139.0,0.4028985507246377,6.619047619047619,0.7983236284232554
451,1890.0,5.0,24.0,51.0,22.0,11.0,53.0,166.0,0.4811594202898551,7.904761904761905,0.9533936857428806
452,1896.0,25.0,6.0,14.0,21.0,3.0,15.0,84.0,0.24347826086956523,4.0,0.4824401783277227
453,1902.0,25.0,18.0,2.0,21.0,9.0,7.0,82.0,0.23768115942028986,3.9047619047619047,0.4709535074151579
454,1910.0,9.0,6.0,39.0,15.0,22.0,48.0,139.0,0.4028985507246377,6.619047619047619,0.7983236284232554
455,1912.0,42.0,10.0,33.0,36.0,13.0,35.0,169.0,0.48985507246376814,8.047619047619047,0.9706236921117278
456,1914.0,39.0,33.0,29.0,16.0,44.0,42.0,203.0,0.5884057971014492,9.666666666666666,1.1658970976253298
457,1924.0,16.0,52.0,53.0,58.0,30.0,12.0,221.0,0.6405797101449275,10.523809523809524,1.2692771358384134
458,1926.0,46.0,3.0,2.0,30.0,14.0,20.0,115.0,0.3333333333333333,5.476190476190476,0.6604835774724775
459,1927.0,11.0,5.0,30.0,31.0,13.0,19.0,109.0,0.3159420289855073,5.190476190476191,0.626023564734783
460,1935.0,24.0,17.0,10.0,1.0,3.0,23.0,78.0,0.22608695652173913,3.7142857142857144,0.44798016559002823
461,1937.0,10.0,29.0,24.0,43.0,6.0,55.0,167.0,0.48405797101449277,7.9523809523809526,0.959137021199163
462,1941.0,38.0,1.0,9.0,48.0,49.0,24.0,169.0,0.48985507246376814,8.047619047619047,0.9706236921117278
463,1953.0,45.0,29.0,42.0,9.0,43.0,26.0,194.0,0.5623188405797102,9.238095238095237,1.114207078518788
464,1957.0,23.0,47.0,29.0,2.0,14.0,22.0,137.0,0.39710144927536234,6.523809523809524,0.7868369575106906
465,1965.0,28.0,26.0,55.0,38.0,48.0,35.0,230.0,0.6666666666666666,10.952380952380953,1.320967154944955
466,1974.0,19.0,57.0,38.0,54.0,4.0,27.0,199.0,0.5768115942028985,9.476190476190476,1.1429237558002001
467,1975.0,8.0,24.0,47.0,26.0,11.0,57.0,173.0,0.5014492753623189,8.238095238095237,0.9935970339368575
468,1977.0,28.0,3.0,32.0,34.0,37.0,16.0,150.0,0.43478260869565216,7.142857142857143,0.861500318442362
469,1979.0,38.0,23.0,45.0,32.0,29.0,22.0,189.0,0.5478260869565217,9.0,1.085490401237376
470,1982.0,46.0,24.0,20.0,4.0,50.0,14.0,158.0,0.4579710144927536,7.523809523809524,0.9074470020926213
471,1983.0,14.0,22.0,6.0,5.0,10.0,36.0,93.0,0.26956521739130435,4.428571428571429,0.5341301974342644
472,1992.0,21.0,11.0,13.0,53.0,54.0,5.0,157.0,0.45507246376811594,7.476190476190476,0.9017036666363388
473,2000.0,6.0,37.0,34.0,10.0,3.0,17.0,107.0,0.3101449275362319,5.095238095238095,0.6145368938222182
474,2004.0,45.0,35.0,1.0,23.0,5.0,14.0,123.0,0.3565217391304348,5.857142857142857,0.7064302611227368
475,2015.0,18.0,58.0,32.0,39.0,27.0,17.0,191.0,0.553623188405797,9.095238095238095,1.096977072149941
476,2023.0,23.0,56.0,8.0,7.0,1.0,6.0,101.0,0.2927536231884058,4.809523809523809,0.5800768810845237
477,2028.0,7.0,42.0,58.0,36.0,24.0,11.0,178.0,0.5159420289855072,8.476190476190476,1.0223137112182696
478,2030.0,38.0,4.0,58.0,40.0,27.0,59.0,226.0,0.6550724637681159,10.761904761904763,1.2979938131198254
479,2033.0,40.0,10.0,18.0,33.0,38.0,43.0,182.0,0.527536231884058,8.666666666666666,1.0452870530433993
480,2034.0,7.0,56.0,22.0,13.0,6.0,17.0,121.0,0.3507246376811594,5.761904761904762,0.694943590210172
481,2041.0,10.0,12.0,54.0,42.0,22.0,25.0,165.0,0.4782608695652174,7.857142857142857,0.9476503502865982
482,2045.0,27.0,46.0,15.0,25.0,50.0,45.0,208.0,0.6028985507246377,9.904761904761905,1.194613774906742
483,2052.0,57.0,50.0,56.0,51.0,58.0,59.0,331.0,0.9594202898550724,15.761904761904763,1.9010440360294787
484,2062.0,8.0,15.0,34.0,25.0,10.0,23.0,115.0,0.3333333333333333,5.476190476190476,0.6604835774724775
485,2066.0,27.0,55.0,35.0,6.0,25.0,45.0,193.0,0.5594202898550724,9.19047619047619,1.1084637430625057
486,2074.0,42.0,8.0,18.0,37.0,58.0,23.0,186.0,0.5391304347826087,8.857142857142858,1.0682603948685288
487,2077.0,37.0,13.0,16.0,26.0,39.0,35.0,166.0,0.4811594202898551,7.904761904761905,0.9533936857428806
488,2081.0,40.0,42.0,13.0,18.0,35.0,41.0,189.0,0.5478260869565217,9.0,1.085490401237376
489,2082.0,25.0,33.0,42.0,49.0,6.0,48.0,203.0,0.5884057971014492,9.666666666666666,1.1658970976253298
490,2087.0,19.0,18.0,53.0,34.0,2.0,23.0,149.0,0.4318840579710145,7.095238095238095,0.8557569829860796
491,2088.0,24.0,3.0,27.0,38.0,14.0,56.0,162.0,0.46956521739130436,7.714285714285714,0.930420343917751
492,2091.0,12.0,11.0,10.0,59.0,38.0,37.0,167.0,0.48405797101449277,7.9523809523809526,0.959137021199163
493,2100.0,1.0,35.0,13.0,11.0,10.0,49.0,119.0,0.34492753623188405,5.666666666666667,0.6834569192976072
494,2110.0,25.0,33.0,10.0,12.0,18.0,5.0,103.0,0.2985507246376812,4.904761904761905,0.5915635519970885
495,2118.0,41.0,11.0,12.0,46.0,20.0,40.0,170.0,0.4927536231884058,8.095238095238095,0.9763670275680102
496,2121.0,37.0,8.0,17.0,29.0,10.0,40.0,141.0,0.40869565217391307,6.714285714285714,0.8098102993358203
497,2131.0,28.0,18.0,20.0,6.0,2.0,3.0,77.0,0.22318840579710145,3.6666666666666665,0.4422368301337458
498,2135.0,23.0,48.0,59.0,28.0,40.0,9.0,207.0,0.6,9.857142857142858,1.1888704394504594
499,2150.0,38.0,24.0,23.0,26.0,42.0,49.0,202.0,0.5855072463768116,9.619047619047619,1.1601537621690474
500,2153.0,13.0,28.0,31.0,8.0,33.0,32.0,145.0,0.42028985507246375,6.904761904761905,0.8327836411609499
501,2161.0,24.0,10.0,8.0,44.0,9.0,42.0,137.0,0.39710144927536234,6.523809523809524,0.7868369575106906
502,2165.0,56.0,49.0,54.0,43.0,5.0,37.0,244.0,0.7072463768115942,11.619047619047619,1.4013738513329088
503,2168.0,37.0,25.0,29.0,4.0,1.0,27.0,123.0,0.3565217391304348,5.857142857142857,0.7064302611227368
504,2171.0,19.0,12.0,13.0,36.0,55.0,44.0,179.0,0.518840579710145,8.523809523809524,1.028057046674552
